Component,Function,FailureModes,Effects,Severity,DetectionControl,RequirementIDs,CyberRisks
dbc,Decode,dbc derives incorrect output from receiver and argument state,incorrect system behavior from dbc,low,unit tests,,CYBER009: uint32(x) — explicit narrowing conversion may silently truncate bits if x exceeds the target type's range; CYBER009: uint32(x) — explicit narrowing conversion may silently truncate bits if x exceeds the target type's range
dbc,Decode,dbc derives incorrect output from receiver and argument state,incorrect system behavior from dbc,high,requirement testing + unit tests,REQ-DBC-005; REQ-DBC-006; REQ-DBC-007,CYBER009: uint32(x) — explicit narrowing conversion may silently truncate bits if x exceeds the target type's range; CYBER009: uint32(x) — explicit narrowing conversion may silently truncate bits if x exceeds the target type's range
dbc,Encode,dbc returns an unexpected error,silent failure propagated to dbc's caller,high,requirement testing + unit tests,REQ-DBC-005; REQ-DBC-007,
dbc,Parse,dbc returns an unexpected error,silent failure propagated to dbc's caller,high,requirement testing + unit tests,REQ-DBC-001; REQ-DBC-002; REQ-DBC-003; REQ-DBC-004,CYBER009: uint32(x) — explicit narrowing conversion may silently truncate bits if x exceeds the target type's range; CYBER009: uint32(x) — explicit narrowing conversion may silently truncate bits if x exceeds the target type's range
dbc,PhysicalToLabel,dbc derives incorrect output from receiver and argument state,incorrect system behavior from dbc,high,requirement testing + unit tests,REQ-DBC-006,CYBER009: uint32(x) — explicit narrowing conversion may silently truncate bits if x exceeds the target type's range; CYBER009: uint32(x) — explicit narrowing conversion may silently truncate bits if x exceeds the target type's range
go-CAN (can),Adapt,go-CAN (can) produces incorrect output for a given input combination,incorrect system behavior from go-CAN (can),high,requirement testing + unit tests,REQ-CAN-007,CYBER009: uint32(x) — explicit narrowing conversion may silently truncate bits if x exceeds the target type's range; CYBER009: uint8(x) — explicit narrowing conversion may silently truncate bits if x exceeds the target type's range; CYBER009: uint8(x) — explicit narrowing conversion may silently truncate bits if x exceeds the target type's range; CYBER009: uint32(x) — explicit narrowing conversion may silently truncate bits if x exceeds the target type's range
go-CAN (can),Close,go-CAN (can) returns an unexpected error,silent failure propagated to go-CAN (can)'s caller,medium,unit tests,,CYBER009: uint32(x) — explicit narrowing conversion may silently truncate bits if x exceeds the target type's range; CYBER009: uint8(x) — explicit narrowing conversion may silently truncate bits if x exceeds the target type's range; CYBER009: uint8(x) — explicit narrowing conversion may silently truncate bits if x exceeds the target type's range; CYBER009: uint32(x) — explicit narrowing conversion may silently truncate bits if x exceeds the target type's range
go-CAN (can),Error,go-CAN (can) returns stale or inconsistent receiver state,caller of go-CAN (can) observes state that no longer reflects a concurrent mutation,low,unit tests,,
go-CAN (can),FromMessage,go-CAN (can) returns an unexpected error,silent failure propagated to go-CAN (can)'s caller,high,requirement testing + unit tests,REQ-CAN-007,CYBER009: uint32(x) — explicit narrowing conversion may silently truncate bits if x exceeds the target type's range; CYBER009: uint8(x) — explicit narrowing conversion may silently truncate bits if x exceeds the target type's range; CYBER009: uint8(x) — explicit narrowing conversion may silently truncate bits if x exceeds the target type's range; CYBER009: uint32(x) — explicit narrowing conversion may silently truncate bits if x exceeds the target type's range
go-CAN (can),Matches,go-CAN (can) derives incorrect output from receiver and argument state,incorrect system behavior from go-CAN (can),low,unit tests,,
go-CAN (can),MaxDataLen,go-CAN (can) returns stale or inconsistent receiver state,caller of go-CAN (can) observes state that no longer reflects a concurrent mutation,high,requirement testing + unit tests,REQ-CANXL-002,
go-CAN (can),MaxDataLen,go-CAN (can) produces incorrect output for a given input combination,incorrect system behavior from go-CAN (can),low,unit tests,,
go-CAN (can),NewLoanedFrame,go-CAN (can) produces incorrect output for a given input combination,incorrect system behavior from go-CAN (can),high,requirement testing + unit tests,REQ-LOAN-001,
go-CAN (can),Protocol,go-CAN (can) returns stale or inconsistent receiver state,caller of go-CAN (can) observes state that no longer reflects a concurrent mutation,low,unit tests,,CYBER009: uint32(x) — explicit narrowing conversion may silently truncate bits if x exceeds the target type's range; CYBER009: uint8(x) — explicit narrowing conversion may silently truncate bits if x exceeds the target type's range; CYBER009: uint8(x) — explicit narrowing conversion may silently truncate bits if x exceeds the target type's range; CYBER009: uint32(x) — explicit narrowing conversion may silently truncate bits if x exceeds the target type's range
go-CAN (can),Return,go-CAN (can) returns stale or inconsistent receiver state,caller of go-CAN (can) observes state that no longer reflects a concurrent mutation,high,requirement testing + unit tests,REQ-LOAN-001,
go-CAN (can),Send,go-CAN (can) returns an unexpected error,silent failure propagated to go-CAN (can)'s caller,medium,unit tests,,CYBER009: uint32(x) — explicit narrowing conversion may silently truncate bits if x exceeds the target type's range; CYBER009: uint8(x) — explicit narrowing conversion may silently truncate bits if x exceeds the target type's range; CYBER009: uint8(x) — explicit narrowing conversion may silently truncate bits if x exceeds the target type's range; CYBER009: uint32(x) — explicit narrowing conversion may silently truncate bits if x exceeds the target type's range
go-CAN (can),Subscribe,go-CAN (can) returns an unexpected error; goroutine spawned in go-CAN (can) not terminated,silent failure propagated to go-CAN (can)'s caller; memory leak or deadlock in go-CAN (can),medium,unit tests,,CYBER009: uint32(x) — explicit narrowing conversion may silently truncate bits if x exceeds the target type's range; CYBER009: uint8(x) — explicit narrowing conversion may silently truncate bits if x exceeds the target type's range; CYBER009: uint8(x) — explicit narrowing conversion may silently truncate bits if x exceeds the target type's range; CYBER009: uint32(x) — explicit narrowing conversion may silently truncate bits if x exceeds the target type's range
go-CAN (can),ToMessage,go-CAN (can) returns stale or inconsistent receiver state,caller of go-CAN (can) observes state that no longer reflects a concurrent mutation,high,requirement testing + unit tests,REQ-CAN-007; REQ-CANXL-004,CYBER009: uint32(x) — explicit narrowing conversion may silently truncate bits if x exceeds the target type's range; CYBER009: uint8(x) — explicit narrowing conversion may silently truncate bits if x exceeds the target type's range; CYBER009: uint8(x) — explicit narrowing conversion may silently truncate bits if x exceeds the target type's range; CYBER009: uint32(x) — explicit narrowing conversion may silently truncate bits if x exceeds the target type's range
go-CAN (can),ValidateFrame,go-CAN (can) returns an unexpected error,silent failure propagated to go-CAN (can)'s caller,high,requirement testing + unit tests,REQ-CAN-009; REQ-CAN-010; REQ-CAN-011; REQ-CAN-012; REQ-CAN-013; REQ-CAN-014; REQ-CANXL-003; REQ-SEC-001,
isotp,New,isotp returns an unexpected error,silent failure propagated to isotp's caller,high,requirement testing + unit tests,REQ-ISOTP-001; REQ-ISOTP-002; REQ-ISOTP-003; REQ-ISOTP-004,CYBER009: byte(x) — explicit narrowing conversion may silently truncate bits if x exceeds the target type's range; CYBER009: uint16(x) — explicit narrowing conversion may silently truncate bits if x exceeds the target type's range; CYBER009: uint16(x) — explicit narrowing conversion may silently truncate bits if x exceeds the target type's range; CYBER009: byte(x) — explicit narrowing conversion may silently truncate bits if x exceeds the target type's range
isotp,Recv,isotp returns an unexpected error,silent failure propagated to isotp's caller,high,requirement testing + unit tests,REQ-ISOTP-009; REQ-ISOTP-010; REQ-ISOTP-011; REQ-ISOTP-012; REQ-ISOTP-013; REQ-SEC-002; REQ-SEC-003,CYBER009: byte(x) — explicit narrowing conversion may silently truncate bits if x exceeds the target type's range; CYBER009: uint16(x) — explicit narrowing conversion may silently truncate bits if x exceeds the target type's range; CYBER009: uint16(x) — explicit narrowing conversion may silently truncate bits if x exceeds the target type's range; CYBER009: byte(x) — explicit narrowing conversion may silently truncate bits if x exceeds the target type's range
isotp,Send,isotp returns an unexpected error,silent failure propagated to isotp's caller,high,requirement testing + unit tests,REQ-ISOTP-005; REQ-ISOTP-006; REQ-ISOTP-007; REQ-ISOTP-008; REQ-SEC-003,CYBER009: byte(x) — explicit narrowing conversion may silently truncate bits if x exceeds the target type's range; CYBER009: uint16(x) — explicit narrowing conversion may silently truncate bits if x exceeds the target type's range; CYBER009: uint16(x) — explicit narrowing conversion may silently truncate bits if x exceeds the target type's range; CYBER009: byte(x) — explicit narrowing conversion may silently truncate bits if x exceeds the target type's range
j1939,DecodeID,j1939 produces incorrect output for a given input combination,incorrect system behavior from j1939,high,requirement testing + unit tests,REQ-J1939-001; REQ-J1939-002; REQ-J1939-003,CYBER009: byte(x) — explicit narrowing conversion may silently truncate bits if x exceeds the target type's range; CYBER009: byte(x) — explicit narrowing conversion may silently truncate bits if x exceeds the target type's range; CYBER009: byte(x) — explicit narrowing conversion may silently truncate bits if x exceeds the target type's range; CYBER009: byte(x) — explicit narrowing conversion may silently truncate bits if x exceeds the target type's range; CYBER009: byte(x) — explicit narrowing conversion may silently truncate bits if x exceeds the target type's range; CYBER009: uint32(x) — explicit narrowing conversion may silently truncate bits if x exceeds the target type's range; CYBER009: uint32(x) — explicit narrowing conversion may silently truncate bits if x exceeds the target type's range; CYBER009: uint32(x) — explicit narrowing conversion may silently truncate bits if x exceeds the target type's range; CYBER009: uint32(x) — explicit narrowing conversion may silently truncate bits if x exceeds the target type's range; CYBER009: uint32(x) — explicit narrowing conversion may silently truncate bits if x exceeds the target type's range; CYBER009: byte(x) — explicit narrowing conversion may silently truncate bits if x exceeds the target type's range; CYBER009: byte(x) — explicit narrowing conversion may silently truncate bits if x exceeds the target type's range; CYBER009: byte(x) — explicit narrowing conversion may silently truncate bits if x exceeds the target type's range; CYBER009: uint32(x) — explicit narrowing conversion may silently truncate bits if x exceeds the target type's range; CYBER009: uint32(x) — explicit narrowing conversion may silently truncate bits if x exceeds the target type's range; CYBER009: uint32(x) — explicit narrowing conversion may silently truncate bits if x exceeds the target type's range; CYBER009: uint32(x) — explicit narrowing conversion may silently truncate bits if x exceeds the target type's range; CYBER009: uint32(x) — explicit narrowing conversion may silently truncate bits if x exceeds the target type's range; CYBER009: uint32(x) — explicit narrowing conversion may silently truncate bits if x exceeds the target type's range; CYBER009: byte(x) — explicit narrowing conversion may silently truncate bits if x exceeds the target type's range
j1939,EncodeID,j1939 produces incorrect output for a given input combination,incorrect system behavior from j1939,high,requirement testing + unit tests,REQ-J1939-004,CYBER009: byte(x) — explicit narrowing conversion may silently truncate bits if x exceeds the target type's range; CYBER009: byte(x) — explicit narrowing conversion may silently truncate bits if x exceeds the target type's range; CYBER009: byte(x) — explicit narrowing conversion may silently truncate bits if x exceeds the target type's range; CYBER009: byte(x) — explicit narrowing conversion may silently truncate bits if x exceeds the target type's range; CYBER009: byte(x) — explicit narrowing conversion may silently truncate bits if x exceeds the target type's range; CYBER009: uint32(x) — explicit narrowing conversion may silently truncate bits if x exceeds the target type's range; CYBER009: uint32(x) — explicit narrowing conversion may silently truncate bits if x exceeds the target type's range; CYBER009: uint32(x) — explicit narrowing conversion may silently truncate bits if x exceeds the target type's range; CYBER009: uint32(x) — explicit narrowing conversion may silently truncate bits if x exceeds the target type's range; CYBER009: uint32(x) — explicit narrowing conversion may silently truncate bits if x exceeds the target type's range; CYBER009: byte(x) — explicit narrowing conversion may silently truncate bits if x exceeds the target type's range; CYBER009: byte(x) — explicit narrowing conversion may silently truncate bits if x exceeds the target type's range; CYBER009: byte(x) — explicit narrowing conversion may silently truncate bits if x exceeds the target type's range; CYBER009: uint32(x) — explicit narrowing conversion may silently truncate bits if x exceeds the target type's range; CYBER009: uint32(x) — explicit narrowing conversion may silently truncate bits if x exceeds the target type's range; CYBER009: uint32(x) — explicit narrowing conversion may silently truncate bits if x exceeds the target type's range; CYBER009: uint32(x) — explicit narrowing conversion may silently truncate bits if x exceeds the target type's range; CYBER009: uint32(x) — explicit narrowing conversion may silently truncate bits if x exceeds the target type's range; CYBER009: uint32(x) — explicit narrowing conversion may silently truncate bits if x exceeds the target type's range; CYBER009: byte(x) — explicit narrowing conversion may silently truncate bits if x exceeds the target type's range
j1939,IsPeerToPeer,j1939 returns stale or inconsistent receiver state,caller of j1939 observes state that no longer reflects a concurrent mutation,low,unit tests,,CYBER009: byte(x) — explicit narrowing conversion may silently truncate bits if x exceeds the target type's range; CYBER009: byte(x) — explicit narrowing conversion may silently truncate bits if x exceeds the target type's range; CYBER009: byte(x) — explicit narrowing conversion may silently truncate bits if x exceeds the target type's range; CYBER009: byte(x) — explicit narrowing conversion may silently truncate bits if x exceeds the target type's range; CYBER009: byte(x) — explicit narrowing conversion may silently truncate bits if x exceeds the target type's range; CYBER009: uint32(x) — explicit narrowing conversion may silently truncate bits if x exceeds the target type's range; CYBER009: uint32(x) — explicit narrowing conversion may silently truncate bits if x exceeds the target type's range; CYBER009: uint32(x) — explicit narrowing conversion may silently truncate bits if x exceeds the target type's range; CYBER009: uint32(x) — explicit narrowing conversion may silently truncate bits if x exceeds the target type's range; CYBER009: uint32(x) — explicit narrowing conversion may silently truncate bits if x exceeds the target type's range; CYBER009: byte(x) — explicit narrowing conversion may silently truncate bits if x exceeds the target type's range; CYBER009: byte(x) — explicit narrowing conversion may silently truncate bits if x exceeds the target type's range; CYBER009: byte(x) — explicit narrowing conversion may silently truncate bits if x exceeds the target type's range; CYBER009: uint32(x) — explicit narrowing conversion may silently truncate bits if x exceeds the target type's range; CYBER009: uint32(x) — explicit narrowing conversion may silently truncate bits if x exceeds the target type's range; CYBER009: uint32(x) — explicit narrowing conversion may silently truncate bits if x exceeds the target type's range; CYBER009: uint32(x) — explicit narrowing conversion may silently truncate bits if x exceeds the target type's range; CYBER009: uint32(x) — explicit narrowing conversion may silently truncate bits if x exceeds the target type's range; CYBER009: uint32(x) — explicit narrowing conversion may silently truncate bits if x exceeds the target type's range; CYBER009: byte(x) — explicit narrowing conversion may silently truncate bits if x exceeds the target type's range
j1939,NewBus,j1939 produces incorrect output for a given input combination,incorrect system behavior from j1939,low,unit tests,,CYBER009: byte(x) — explicit narrowing conversion may silently truncate bits if x exceeds the target type's range; CYBER009: byte(x) — explicit narrowing conversion may silently truncate bits if x exceeds the target type's range; CYBER009: byte(x) — explicit narrowing conversion may silently truncate bits if x exceeds the target type's range; CYBER009: byte(x) — explicit narrowing conversion may silently truncate bits if x exceeds the target type's range; CYBER009: byte(x) — explicit narrowing conversion may silently truncate bits if x exceeds the target type's range; CYBER009: uint32(x) — explicit narrowing conversion may silently truncate bits if x exceeds the target type's range; CYBER009: uint32(x) — explicit narrowing conversion may silently truncate bits if x exceeds the target type's range; CYBER009: uint32(x) — explicit narrowing conversion may silently truncate bits if x exceeds the target type's range; CYBER009: uint32(x) — explicit narrowing conversion may silently truncate bits if x exceeds the target type's range; CYBER009: uint32(x) — explicit narrowing conversion may silently truncate bits if x exceeds the target type's range; CYBER009: byte(x) — explicit narrowing conversion may silently truncate bits if x exceeds the target type's range; CYBER009: byte(x) — explicit narrowing conversion may silently truncate bits if x exceeds the target type's range; CYBER009: byte(x) — explicit narrowing conversion may silently truncate bits if x exceeds the target type's range; CYBER009: uint32(x) — explicit narrowing conversion may silently truncate bits if x exceeds the target type's range; CYBER009: uint32(x) — explicit narrowing conversion may silently truncate bits if x exceeds the target type's range; CYBER009: uint32(x) — explicit narrowing conversion may silently truncate bits if x exceeds the target type's range; CYBER009: uint32(x) — explicit narrowing conversion may silently truncate bits if x exceeds the target type's range; CYBER009: uint32(x) — explicit narrowing conversion may silently truncate bits if x exceeds the target type's range; CYBER009: uint32(x) — explicit narrowing conversion may silently truncate bits if x exceeds the target type's range; CYBER009: byte(x) — explicit narrowing conversion may silently truncate bits if x exceeds the target type's range
j1939,Send,j1939 returns an unexpected error,silent failure propagated to j1939's caller,high,requirement testing + unit tests,REQ-J1939-005,CYBER009: byte(x) — explicit narrowing conversion may silently truncate bits if x exceeds the target type's range; CYBER009: byte(x) — explicit narrowing conversion may silently truncate bits if x exceeds the target type's range; CYBER009: byte(x) — explicit narrowing conversion may silently truncate bits if x exceeds the target type's range; CYBER009: byte(x) — explicit narrowing conversion may silently truncate bits if x exceeds the target type's range; CYBER009: byte(x) — explicit narrowing conversion may silently truncate bits if x exceeds the target type's range; CYBER009: uint32(x) — explicit narrowing conversion may silently truncate bits if x exceeds the target type's range; CYBER009: uint32(x) — explicit narrowing conversion may silently truncate bits if x exceeds the target type's range; CYBER009: uint32(x) — explicit narrowing conversion may silently truncate bits if x exceeds the target type's range; CYBER009: uint32(x) — explicit narrowing conversion may silently truncate bits if x exceeds the target type's range; CYBER009: uint32(x) — explicit narrowing conversion may silently truncate bits if x exceeds the target type's range; CYBER009: byte(x) — explicit narrowing conversion may silently truncate bits if x exceeds the target type's range; CYBER009: byte(x) — explicit narrowing conversion may silently truncate bits if x exceeds the target type's range; CYBER009: byte(x) — explicit narrowing conversion may silently truncate bits if x exceeds the target type's range; CYBER009: uint32(x) — explicit narrowing conversion may silently truncate bits if x exceeds the target type's range; CYBER009: uint32(x) — explicit narrowing conversion may silently truncate bits if x exceeds the target type's range; CYBER009: uint32(x) — explicit narrowing conversion may silently truncate bits if x exceeds the target type's range; CYBER009: uint32(x) — explicit narrowing conversion may silently truncate bits if x exceeds the target type's range; CYBER009: uint32(x) — explicit narrowing conversion may silently truncate bits if x exceeds the target type's range; CYBER009: uint32(x) — explicit narrowing conversion may silently truncate bits if x exceeds the target type's range; CYBER009: byte(x) — explicit narrowing conversion may silently truncate bits if x exceeds the target type's range
j1939,SendTP,j1939 returns an unexpected error,silent failure propagated to j1939's caller,high,requirement testing + unit tests,REQ-J1939-007,CYBER009: byte(x) — explicit narrowing conversion may silently truncate bits if x exceeds the target type's range; CYBER009: byte(x) — explicit narrowing conversion may silently truncate bits if x exceeds the target type's range; CYBER009: byte(x) — explicit narrowing conversion may silently truncate bits if x exceeds the target type's range; CYBER009: byte(x) — explicit narrowing conversion may silently truncate bits if x exceeds the target type's range; CYBER009: byte(x) — explicit narrowing conversion may silently truncate bits if x exceeds the target type's range; CYBER009: byte(x) — explicit narrowing conversion may silently truncate bits if x exceeds the target type's range; CYBER009: byte(x) — explicit narrowing conversion may silently truncate bits if x exceeds the target type's range; CYBER009: uint32(x) — explicit narrowing conversion may silently truncate bits if x exceeds the target type's range; CYBER009: uint32(x) — explicit narrowing conversion may silently truncate bits if x exceeds the target type's range; CYBER009: uint32(x) — explicit narrowing conversion may silently truncate bits if x exceeds the target type's range
j1939,Subscribe,j1939 returns an unexpected error; goroutine spawned in j1939 not terminated,silent failure propagated to j1939's caller; memory leak or deadlock in j1939,high,requirement testing + unit tests,REQ-J1939-006,CYBER009: byte(x) — explicit narrowing conversion may silently truncate bits if x exceeds the target type's range; CYBER009: byte(x) — explicit narrowing conversion may silently truncate bits if x exceeds the target type's range; CYBER009: byte(x) — explicit narrowing conversion may silently truncate bits if x exceeds the target type's range; CYBER009: byte(x) — explicit narrowing conversion may silently truncate bits if x exceeds the target type's range; CYBER009: byte(x) — explicit narrowing conversion may silently truncate bits if x exceeds the target type's range; CYBER009: uint32(x) — explicit narrowing conversion may silently truncate bits if x exceeds the target type's range; CYBER009: uint32(x) — explicit narrowing conversion may silently truncate bits if x exceeds the target type's range; CYBER009: uint32(x) — explicit narrowing conversion may silently truncate bits if x exceeds the target type's range; CYBER009: uint32(x) — explicit narrowing conversion may silently truncate bits if x exceeds the target type's range; CYBER009: uint32(x) — explicit narrowing conversion may silently truncate bits if x exceeds the target type's range; CYBER009: byte(x) — explicit narrowing conversion may silently truncate bits if x exceeds the target type's range; CYBER009: byte(x) — explicit narrowing conversion may silently truncate bits if x exceeds the target type's range; CYBER009: byte(x) — explicit narrowing conversion may silently truncate bits if x exceeds the target type's range; CYBER009: uint32(x) — explicit narrowing conversion may silently truncate bits if x exceeds the target type's range; CYBER009: uint32(x) — explicit narrowing conversion may silently truncate bits if x exceeds the target type's range; CYBER009: uint32(x) — explicit narrowing conversion may silently truncate bits if x exceeds the target type's range; CYBER009: uint32(x) — explicit narrowing conversion may silently truncate bits if x exceeds the target type's range; CYBER009: uint32(x) — explicit narrowing conversion may silently truncate bits if x exceeds the target type's range; CYBER009: uint32(x) — explicit narrowing conversion may silently truncate bits if x exceeds the target type's range; CYBER009: byte(x) — explicit narrowing conversion may silently truncate bits if x exceeds the target type's range
j1939,SubscribeTP,j1939 returns an unexpected error; goroutine spawned in j1939 not terminated,silent failure propagated to j1939's caller; memory leak or deadlock in j1939,high,requirement testing + unit tests,REQ-J1939-008,CYBER009: byte(x) — explicit narrowing conversion may silently truncate bits if x exceeds the target type's range; CYBER009: byte(x) — explicit narrowing conversion may silently truncate bits if x exceeds the target type's range; CYBER009: byte(x) — explicit narrowing conversion may silently truncate bits if x exceeds the target type's range; CYBER009: byte(x) — explicit narrowing conversion may silently truncate bits if x exceeds the target type's range; CYBER009: byte(x) — explicit narrowing conversion may silently truncate bits if x exceeds the target type's range; CYBER009: byte(x) — explicit narrowing conversion may silently truncate bits if x exceeds the target type's range; CYBER009: byte(x) — explicit narrowing conversion may silently truncate bits if x exceeds the target type's range; CYBER009: uint32(x) — explicit narrowing conversion may silently truncate bits if x exceeds the target type's range; CYBER009: uint32(x) — explicit narrowing conversion may silently truncate bits if x exceeds the target type's range; CYBER009: uint32(x) — explicit narrowing conversion may silently truncate bits if x exceeds the target type's range
mock,New,mock returns an unexpected error,silent failure propagated to mock's caller,high,requirement testing + unit tests,REQ-MOCK-001,
obdii,NewClient,obdii produces incorrect output for a given input combination,incorrect system behavior from obdii,high,requirement testing + unit tests,REQ-OBD-001,CYBER009: uint32(x) — explicit narrowing conversion may silently truncate bits if x exceeds the target type's range; CYBER009: uint32(x) — explicit narrowing conversion may silently truncate bits if x exceeds the target type's range; CYBER009: uint32(x) — explicit narrowing conversion may silently truncate bits if x exceeds the target type's range; CYBER009: uint32(x) — explicit narrowing conversion may silently truncate bits if x exceeds the target type's range; CYBER009: uint16(x) — explicit narrowing conversion may silently truncate bits if x exceeds the target type's range; CYBER009: uint16(x) — explicit narrowing conversion may silently truncate bits if x exceeds the target type's range; CYBER009: uint16(x) — explicit narrowing conversion may silently truncate bits if x exceeds the target type's range; CYBER009: uint16(x) — explicit narrowing conversion may silently truncate bits if x exceeds the target type's range; CYBER009: uint16(x) — explicit narrowing conversion may silently truncate bits if x exceeds the target type's range; CYBER009: uint16(x) — explicit narrowing conversion may silently truncate bits if x exceeds the target type's range; CYBER009: uint16(x) — explicit narrowing conversion may silently truncate bits if x exceeds the target type's range; CYBER009: uint16(x) — explicit narrowing conversion may silently truncate bits if x exceeds the target type's range; CYBER009: uint16(x) — explicit narrowing conversion may silently truncate bits if x exceeds the target type's range; CYBER009: uint16(x) — explicit narrowing conversion may silently truncate bits if x exceeds the target type's range
obdii,ReadPID,obdii returns an unexpected error,silent failure propagated to obdii's caller,high,requirement testing + unit tests,REQ-OBD-002,CYBER009: uint32(x) — explicit narrowing conversion may silently truncate bits if x exceeds the target type's range; CYBER009: uint32(x) — explicit narrowing conversion may silently truncate bits if x exceeds the target type's range; CYBER009: uint32(x) — explicit narrowing conversion may silently truncate bits if x exceeds the target type's range; CYBER009: uint32(x) — explicit narrowing conversion may silently truncate bits if x exceeds the target type's range; CYBER009: uint16(x) — explicit narrowing conversion may silently truncate bits if x exceeds the target type's range; CYBER009: uint16(x) — explicit narrowing conversion may silently truncate bits if x exceeds the target type's range; CYBER009: uint16(x) — explicit narrowing conversion may silently truncate bits if x exceeds the target type's range; CYBER009: uint16(x) — explicit narrowing conversion may silently truncate bits if x exceeds the target type's range; CYBER009: uint16(x) — explicit narrowing conversion may silently truncate bits if x exceeds the target type's range; CYBER009: uint16(x) — explicit narrowing conversion may silently truncate bits if x exceeds the target type's range; CYBER009: uint16(x) — explicit narrowing conversion may silently truncate bits if x exceeds the target type's range; CYBER009: uint16(x) — explicit narrowing conversion may silently truncate bits if x exceeds the target type's range; CYBER009: uint16(x) — explicit narrowing conversion may silently truncate bits if x exceeds the target type's range; CYBER009: uint16(x) — explicit narrowing conversion may silently truncate bits if x exceeds the target type's range
obdii,ReadVIN,obdii returns an unexpected error,silent failure propagated to obdii's caller,high,requirement testing + unit tests,REQ-OBD-003,CYBER009: uint32(x) — explicit narrowing conversion may silently truncate bits if x exceeds the target type's range; CYBER009: uint32(x) — explicit narrowing conversion may silently truncate bits if x exceeds the target type's range; CYBER009: uint32(x) — explicit narrowing conversion may silently truncate bits if x exceeds the target type's range; CYBER009: uint32(x) — explicit narrowing conversion may silently truncate bits if x exceeds the target type's range; CYBER009: uint16(x) — explicit narrowing conversion may silently truncate bits if x exceeds the target type's range; CYBER009: uint16(x) — explicit narrowing conversion may silently truncate bits if x exceeds the target type's range; CYBER009: uint16(x) — explicit narrowing conversion may silently truncate bits if x exceeds the target type's range; CYBER009: uint16(x) — explicit narrowing conversion may silently truncate bits if x exceeds the target type's range; CYBER009: uint16(x) — explicit narrowing conversion may silently truncate bits if x exceeds the target type's range; CYBER009: uint16(x) — explicit narrowing conversion may silently truncate bits if x exceeds the target type's range; CYBER009: uint16(x) — explicit narrowing conversion may silently truncate bits if x exceeds the target type's range; CYBER009: uint16(x) — explicit narrowing conversion may silently truncate bits if x exceeds the target type's range; CYBER009: uint16(x) — explicit narrowing conversion may silently truncate bits if x exceeds the target type's range; CYBER009: uint16(x) — explicit narrowing conversion may silently truncate bits if x exceeds the target type's range
obdii,SupportedPIDs,obdii returns an unexpected error,silent failure propagated to obdii's caller,medium,unit tests,,CYBER009: uint32(x) — explicit narrowing conversion may silently truncate bits if x exceeds the target type's range; CYBER009: uint32(x) — explicit narrowing conversion may silently truncate bits if x exceeds the target type's range; CYBER009: uint32(x) — explicit narrowing conversion may silently truncate bits if x exceeds the target type's range; CYBER009: uint32(x) — explicit narrowing conversion may silently truncate bits if x exceeds the target type's range; CYBER009: uint16(x) — explicit narrowing conversion may silently truncate bits if x exceeds the target type's range; CYBER009: uint16(x) — explicit narrowing conversion may silently truncate bits if x exceeds the target type's range; CYBER009: uint16(x) — explicit narrowing conversion may silently truncate bits if x exceeds the target type's range; CYBER009: uint16(x) — explicit narrowing conversion may silently truncate bits if x exceeds the target type's range; CYBER009: uint16(x) — explicit narrowing conversion may silently truncate bits if x exceeds the target type's range; CYBER009: uint16(x) — explicit narrowing conversion may silently truncate bits if x exceeds the target type's range; CYBER009: uint16(x) — explicit narrowing conversion may silently truncate bits if x exceeds the target type's range; CYBER009: uint16(x) — explicit narrowing conversion may silently truncate bits if x exceeds the target type's range; CYBER009: uint16(x) — explicit narrowing conversion may silently truncate bits if x exceeds the target type's range; CYBER009: uint16(x) — explicit narrowing conversion may silently truncate bits if x exceeds the target type's range
recorder,FormatLine,recorder produces incorrect output for a given input combination,incorrect system behavior from recorder,high,requirement testing + unit tests,REQ-REC-004,CYBER009: uint32(x) — explicit narrowing conversion may silently truncate bits if x exceeds the target type's range; CYBER009: uint32(x) — explicit narrowing conversion may silently truncate bits if x exceeds the target type's range
recorder,ParseLine,recorder returns an unexpected error,silent failure propagated to recorder's caller,high,requirement testing + unit tests,REQ-REC-003,CYBER009: uint32(x) — explicit narrowing conversion may silently truncate bits if x exceeds the target type's range; CYBER009: uint32(x) — explicit narrowing conversion may silently truncate bits if x exceeds the target type's range
recorder,Record,recorder returns an unexpected error,silent failure propagated to recorder's caller,high,requirement testing + unit tests,REQ-REC-001,CYBER009: uint32(x) — explicit narrowing conversion may silently truncate bits if x exceeds the target type's range; CYBER009: uint32(x) — explicit narrowing conversion may silently truncate bits if x exceeds the target type's range
recorder,Replay,recorder returns an unexpected error,silent failure propagated to recorder's caller,high,requirement testing + unit tests,REQ-REC-002,CYBER009: uint32(x) — explicit narrowing conversion may silently truncate bits if x exceeds the target type's range; CYBER009: uint32(x) — explicit narrowing conversion may silently truncate bits if x exceeds the target type's range
safety,Error,safety returns stale or inconsistent receiver state,caller of safety observes state that no longer reflects a concurrent mutation,low,unit tests,,CYBER009: uint16(x) — explicit narrowing conversion may silently truncate bits if x exceeds the target type's range; CYBER009: uint16(x) — explicit narrowing conversion may silently truncate bits if x exceeds the target type's range
safety,NewProtector,safety produces incorrect output for a given input combination,incorrect system behavior from safety,high,requirement testing + unit tests,REQ-SAFETY-003; REQ-SAFETY-004,CYBER009: uint16(x) — explicit narrowing conversion may silently truncate bits if x exceeds the target type's range; CYBER009: uint16(x) — explicit narrowing conversion may silently truncate bits if x exceeds the target type's range
safety,NewReceiver,safety produces incorrect output for a given input combination,incorrect system behavior from safety,low,unit tests,,CYBER009: uint16(x) — explicit narrowing conversion may silently truncate bits if x exceeds the target type's range; CYBER009: uint16(x) — explicit narrowing conversion may silently truncate bits if x exceeds the target type's range
safety,Protect,safety derives incorrect output from receiver and argument state,incorrect system behavior from safety,high,requirement testing + unit tests,REQ-SAFETY-005; REQ-SAFETY-006,CYBER009: uint16(x) — explicit narrowing conversion may silently truncate bits if x exceeds the target type's range; CYBER009: uint16(x) — explicit narrowing conversion may silently truncate bits if x exceeds the target type's range
safety,Sign,safety derives incorrect output from receiver and argument state,incorrect system behavior from safety,high,requirement testing + unit tests,REQ-SEC-006,
safety,TagLen,safety returns stale or inconsistent receiver state,caller of safety observes state that no longer reflects a concurrent mutation,high,requirement testing + unit tests,REQ-SEC-006,
safety,Unwrap,safety returns an unexpected error,silent failure propagated to safety's caller,high,requirement testing + unit tests,REQ-SAFETY-007; REQ-SAFETY-008; REQ-SAFETY-009; REQ-SAFETY-010; REQ-SAFETY-011,CYBER009: uint16(x) — explicit narrowing conversion may silently truncate bits if x exceeds the target type's range; CYBER009: uint16(x) — explicit narrowing conversion may silently truncate bits if x exceeds the target type's range
safety,Verify,safety derives incorrect output from receiver and argument state,incorrect system behavior from safety,high,requirement testing + unit tests,REQ-SEC-006,
socketcan,Close,socketcan returns an unexpected error,silent failure propagated to socketcan's caller,medium,unit tests,,CYBER009: byte(x) — explicit narrowing conversion may silently truncate bits if x exceeds the target type's range; CYBER009: byte(x) — explicit narrowing conversion may silently truncate bits if x exceeds the target type's range
socketcan,New,socketcan returns an unexpected error; goroutine spawned in socketcan not terminated,silent failure propagated to socketcan's caller; memory leak or deadlock in socketcan,high,requirement testing + unit tests,REQ-SCAN-001; REQ-SCAN-002; REQ-SCAN-006,CYBER009: byte(x) — explicit narrowing conversion may silently truncate bits if x exceeds the target type's range; CYBER009: byte(x) — explicit narrowing conversion may silently truncate bits if x exceeds the target type's range
socketcan,Send,socketcan returns an unexpected error,silent failure propagated to socketcan's caller,high,requirement testing + unit tests,REQ-SCAN-003; REQ-SCAN-004; REQ-SCAN-007; REQ-SCAN-008,CYBER009: byte(x) — explicit narrowing conversion may silently truncate bits if x exceeds the target type's range; CYBER009: byte(x) — explicit narrowing conversion may silently truncate bits if x exceeds the target type's range
socketcan,Subscribe,socketcan returns an unexpected error,silent failure propagated to socketcan's caller,high,requirement testing + unit tests,REQ-SCAN-005,CYBER009: byte(x) — explicit narrowing conversion may silently truncate bits if x exceeds the target type's range; CYBER009: byte(x) — explicit narrowing conversion may silently truncate bits if x exceeds the target type's range
uds,DiagnosticSessionControl,uds returns an unexpected error,silent failure propagated to uds's caller,high,requirement testing + unit tests,REQ-UDS-002,CYBER009: byte(x) — explicit narrowing conversion may silently truncate bits if x exceeds the target type's range; CYBER009: byte(x) — explicit narrowing conversion may silently truncate bits if x exceeds the target type's range; CYBER009: byte(x) — explicit narrowing conversion may silently truncate bits if x exceeds the target type's range; CYBER009: byte(x) — explicit narrowing conversion may silently truncate bits if x exceeds the target type's range; CYBER009: byte(x) — explicit narrowing conversion may silently truncate bits if x exceeds the target type's range; CYBER009: byte(x) — explicit narrowing conversion may silently truncate bits if x exceeds the target type's range
uds,ECUReset,uds returns an unexpected error,silent failure propagated to uds's caller,high,requirement testing + unit tests,REQ-UDS-003,CYBER009: byte(x) — explicit narrowing conversion may silently truncate bits if x exceeds the target type's range; CYBER009: byte(x) — explicit narrowing conversion may silently truncate bits if x exceeds the target type's range; CYBER009: byte(x) — explicit narrowing conversion may silently truncate bits if x exceeds the target type's range; CYBER009: byte(x) — explicit narrowing conversion may silently truncate bits if x exceeds the target type's range; CYBER009: byte(x) — explicit narrowing conversion may silently truncate bits if x exceeds the target type's range; CYBER009: byte(x) — explicit narrowing conversion may silently truncate bits if x exceeds the target type's range
uds,Error,uds returns stale or inconsistent receiver state,caller of uds observes state that no longer reflects a concurrent mutation,low,unit tests,,CYBER009: byte(x) — explicit narrowing conversion may silently truncate bits if x exceeds the target type's range; CYBER009: byte(x) — explicit narrowing conversion may silently truncate bits if x exceeds the target type's range; CYBER009: byte(x) — explicit narrowing conversion may silently truncate bits if x exceeds the target type's range; CYBER009: byte(x) — explicit narrowing conversion may silently truncate bits if x exceeds the target type's range; CYBER009: byte(x) — explicit narrowing conversion may silently truncate bits if x exceeds the target type's range; CYBER009: byte(x) — explicit narrowing conversion may silently truncate bits if x exceeds the target type's range
uds,NewClient,uds produces incorrect output for a given input combination,incorrect system behavior from uds,high,requirement testing + unit tests,REQ-UDS-001; REQ-UDS-009,CYBER009: byte(x) — explicit narrowing conversion may silently truncate bits if x exceeds the target type's range; CYBER009: byte(x) — explicit narrowing conversion may silently truncate bits if x exceeds the target type's range; CYBER009: byte(x) — explicit narrowing conversion may silently truncate bits if x exceeds the target type's range; CYBER009: byte(x) — explicit narrowing conversion may silently truncate bits if x exceeds the target type's range; CYBER009: byte(x) — explicit narrowing conversion may silently truncate bits if x exceeds the target type's range; CYBER009: byte(x) — explicit narrowing conversion may silently truncate bits if x exceeds the target type's range
uds,ReadDataByIdentifier,uds returns an unexpected error,silent failure propagated to uds's caller,high,requirement testing + unit tests,REQ-UDS-005; REQ-UDS-006,CYBER009: byte(x) — explicit narrowing conversion may silently truncate bits if x exceeds the target type's range; CYBER009: byte(x) — explicit narrowing conversion may silently truncate bits if x exceeds the target type's range; CYBER009: byte(x) — explicit narrowing conversion may silently truncate bits if x exceeds the target type's range; CYBER009: byte(x) — explicit narrowing conversion may silently truncate bits if x exceeds the target type's range; CYBER009: byte(x) — explicit narrowing conversion may silently truncate bits if x exceeds the target type's range; CYBER009: byte(x) — explicit narrowing conversion may silently truncate bits if x exceeds the target type's range
uds,TesterPresent,uds returns an unexpected error,silent failure propagated to uds's caller,high,requirement testing + unit tests,REQ-UDS-004,CYBER009: byte(x) — explicit narrowing conversion may silently truncate bits if x exceeds the target type's range; CYBER009: byte(x) — explicit narrowing conversion may silently truncate bits if x exceeds the target type's range; CYBER009: byte(x) — explicit narrowing conversion may silently truncate bits if x exceeds the target type's range; CYBER009: byte(x) — explicit narrowing conversion may silently truncate bits if x exceeds the target type's range; CYBER009: byte(x) — explicit narrowing conversion may silently truncate bits if x exceeds the target type's range; CYBER009: byte(x) — explicit narrowing conversion may silently truncate bits if x exceeds the target type's range
uds,WriteDataByIdentifier,uds returns an unexpected error; partial write / data corruption in uds,silent failure propagated to uds's caller; incorrect persisted state for uds,high,requirement testing + unit tests,REQ-UDS-007,CYBER009: byte(x) — explicit narrowing conversion may silently truncate bits if x exceeds the target type's range; CYBER009: byte(x) — explicit narrowing conversion may silently truncate bits if x exceeds the target type's range; CYBER009: byte(x) — explicit narrowing conversion may silently truncate bits if x exceeds the target type's range; CYBER009: byte(x) — explicit narrowing conversion may silently truncate bits if x exceeds the target type's range; CYBER009: byte(x) — explicit narrowing conversion may silently truncate bits if x exceeds the target type's range; CYBER009: byte(x) — explicit narrowing conversion may silently truncate bits if x exceeds the target type's range
virtual,Close,virtual returns an unexpected error,silent failure propagated to virtual's caller,medium,unit tests,,
virtual,CloseWithDrain,virtual returns an unexpected error,silent failure propagated to virtual's caller,medium,unit tests,,
virtual,Health,virtual returns stale or inconsistent receiver state,caller of virtual observes state that no longer reflects a concurrent mutation,low,unit tests,,
virtual,Loan,virtual returns an unexpected error,silent failure propagated to virtual's caller,medium,unit tests,,
virtual,Metrics,virtual returns stale or inconsistent receiver state,caller of virtual observes state that no longer reflects a concurrent mutation,low,unit tests,,
virtual,New,virtual returns an unexpected error,silent failure propagated to virtual's caller,high,requirement testing + unit tests,REQ-VIRT-001; REQ-VIRT-003,
virtual,Send,virtual returns an unexpected error,silent failure propagated to virtual's caller,high,requirement testing + unit tests,REQ-VIRT-001; REQ-VIRT-002; REQ-VIRT-005,
virtual,SendLoaned,virtual returns an unexpected error,silent failure propagated to virtual's caller,medium,unit tests,,
virtual,Subscribe,virtual returns an unexpected error,silent failure propagated to virtual's caller,high,requirement testing + unit tests,REQ-VIRT-003; REQ-VIRT-004,
